efternamn,förnamn,användarnamn
Smith,John,ht28smijo
Johnson,Emily,ht28joemi
Brown,Michael,ht28brmic
Williams,Sarah,ht28wils
Jones,David,ht28jonda
Garcia,Olivia,ht28garol
Martinez,James,ht28marja
Robinson,Emma,ht28robem
Clark,Daniel,ht28clada
Lewis,Isabella,ht28lewis
Walker,Ethan,ht28walet
Hall,Ava,ht28haal
Allen,Liam,ht28allia
Young,Mia,ht28youmi
Hernandez,Alexander,ht28heral
King,Sophia,ht28kinso
Wright,Benjamin,ht28wribe
Lopez,Charlotte,ht28locha
Hill,Mason,ht28hilla
Scott,Amelia,ht28scott
Green,Jacob,ht28greja
Adams,Harper,ht28adha
Baker,Lucas,ht28baluc
Gonzalez,Evelyn,ht28gozel
Nelson,Henry,ht28nelhe
Carter,Abigail,ht28carab
Mitchell,Logan,ht28mitlo
Perez,Aria,ht28perar
Roberts,Jackson,ht28rober
Turner,Chloe,ht28turcl
Phillips,Owen,ht28phil
Campbell,Ella,ht28camp
Parker,Aiden,ht28parai
Evans,Grace,ht28evagr
Edwards,Samuel,ht28edwar
Collins,Lily,ht28colli
Stewart,Anthony,ht28stewa
Sanchez,Nora,ht28sanch
Morris,Christopher,ht28morch
Rogers,Lila,ht28rogl
Reed,Nathan,ht28reen
Cook,Sofia,ht28cosof
Morgan,Dylan,ht28morg
Bell,Scarlett,ht28bells
Murphy,Julian,ht28murju
Bailey,Violet,ht28baivi
Rivera,Caleb,ht28rivec
Cooper,Penelope,ht28coope
Richardson,Andrew,ht28rich
Cox,Audrey,ht28coaud
Howard,Levi,ht28howle
Ward,Zoe,ht28warzo
Torres,Eli,ht28torel
Peterson,Hazel,ht28petha
